{
    "charger_type": {
        "level3": {
            "lambda": 0.004584134,
            "mu": 0.007204169,
            "rho": 0.6363168
        },
        "level2": {
            "lambda": 0.004948302,
            "mu": 0.007348418,
            "rho": 0.6733833
        },
        "level1": {
            "lambda": 0.004540042,
            "mu": 0.007175634,
            "rho": 0.6327026
        }
    },
    "user_type": {
        "casual": {
            "lambda": 0.004295926,
            "mu": 0.007172583,
            "rho": 0.5989371
        },
        "commuter": {
            "lambda": 0.005029587,
            "mu": 0.007148450,
            "rho": 0.7035912
        },
        "long_distance": {
            "lambda": 0.004772020,
            "mu": 0.007432628,
            "rho": 0.6420367
        }
    }
}