{
    "rho": 0.2179144,
    "mu_all_hour": 2.260861,
    "lambda_all_hour": 10.375,
    "l3_mu_hour": 2.393660,
    "l2_mu_hour": 2.283534,
    "l1_mu_hour": 2.119910
}