{
    "c_1": {
        "lambda_rate": 0.12700111182366441,
        "mu_rate": 0.34105399812107806,
        "c": 1,
        "ErlangC_Prob_Wait": 0.3723783111276636,
        "E[Wq] (hrs)": 1.7396556410375439,
        "E[W_total] (hrs)": 4.671742658076378,
        "Utilization": 0.3723783111276636
    },
    "c_2": {
        "lambda_rate": 0.12700111182366441,
        "mu_rate": 0.34105399812107806,
        "c": 2,
        "ErlangC_Prob_Wait": 0.05845003975456978,
        "E[Wq] (hrs)": 0.10529510873531997,
        "E[W_total] (hrs)": 3.0373821257741542,
        "Utilization": 0.1861891555638318
    },
    "c_3": {
        "lambda_rate": 0.12700111182366441,
        "mu_rate": 0.34105399812107806,
        "c": 3,
        "ErlangC_Prob_Wait": 0.006769120835316811,
        "E[Wq] (hrs)": 0.007553466087622858,
        "E[W_total] (hrs)": 2.9396404831264573,
        "Utilization": 0.12412610370922121
    },
    "c_4": {
        "lambda_rate": 0.12700111182366441,
        "mu_rate": 0.34105399812107806,
        "c": 4,
        "ErlangC_Prob_Wait": 0.0006087470090579025,
        "E[Wq] (hrs)": 0.0004920301384775164,
        "E[W_total] (hrs)": 2.932579047177312,
        "Utilization": 0.0930945777819159
    },
    "c_5": {
        "lambda_rate": 0.12700111182366441,
        "mu_rate": 0.34105399812107806,
        "c": 5,
        "ErlangC_Prob_Wait": 4.442533255093564e-05,
        "E[Wq] (hrs)": 2.8148139488898614e-05,
        "E[W_total] (hrs)": 2.9321151651783235,
        "Utilization": 0.07447566222553273
    },
    "c_6": {
        "lambda_rate": 0.12700111182366441,
        "mu_rate": 0.34105399812107806,
        "c": 6,
        "ErlangC_Prob_Wait": 2.720685045558566e-06,
        "E[Wq] (hrs)": 1.417523376759263e-06,
        "E[W_total] (hrs)": 2.9320884345622114,
        "Utilization": 0.062063051854610606
    },
    "c_7": {
        "lambda_rate": 0.12700111182366441,
        "mu_rate": 0.34105399812107806,
        "c": 7,
        "ErlangC_Prob_Wait": 1.4337670396602295e-07,
        "E[Wq] (hrs)": 6.34304418658097e-08,
        "E[W_total] (hrs)": 2.9320870804692762,
        "Utilization": 0.05319690158966623
    },
    "c_8": {
        "lambda_rate": 0.12700111182366441,
        "mu_rate": 0.34105399812107806,
        "c": 8,
        "ErlangC_Prob_Wait": 6.627252172717976e-09,
        "E[Wq] (hrs)": 2.5475411401979946e-09,
        "E[W_total] (hrs)": 2.9320870195863757,
        "Utilization": 0.04654728889095795
    }
}