{
    "c_1": {
        "lambda_rate": 0.1271374552791245,
        "mu_rate": 0.3418786506112975,
        "c": 1,
        "ErlangC_Prob_Wait": 0.3718788963621913,
        "E[Wq] (hrs)": 1.7317538713843397,
        "E[W_total] (hrs)": 4.65676834131964,
        "Utilization": 0.3718788963621913
    },
    "c_2": {
        "lambda_rate": 0.1271374552791245,
        "mu_rate": 0.3418786506112975,
        "c": 2,
        "ErlangC_Prob_Wait": 0.05830563852634558,
        "E[Wq] (hrs)": 0.10474947839403305,
        "E[W_total] (hrs)": 3.0297639483293333,
        "Utilization": 0.18593944818109565
    },
    "c_3": {
        "lambda_rate": 0.1271374552791245,
        "mu_rate": 0.3418786506112975,
        "c": 3,
        "ErlangC_Prob_Wait": 0.006744016875169232,
        "E[Wq] (hrs)": 0.007505874412732699,
        "E[W_total] (hrs)": 2.9325203443480325,
        "Utilization": 0.12395963212073043
    },
    "c_4": {
        "lambda_rate": 0.1271374552791245,
        "mu_rate": 0.3418786506112975,
        "c": 4,
        "ErlangC_Prob_Wait": 0.0006057070193405229,
        "E[Wq] (hrs)": 0.0004883248782230498,
        "E[W_total] (hrs)": 2.9255027948135233,
        "Utilization": 0.09296972409054782
    },
    "c_5": {
        "lambda_rate": 0.1271374552791245,
        "mu_rate": 0.3418786506112975,
        "c": 5,
        "ErlangC_Prob_Wait": 4.4145505420507867e-05,
        "E[Wq] (hrs)": 2.790035939986457e-05,
        "E[W_total] (hrs)": 2.9250423702946997,
        "Utilization": 0.07437577927243826
    },
    "c_6": {
        "lambda_rate": 0.1271374552791245,
        "mu_rate": 0.3418786506112975,
        "c": 6,
        "ErlangC_Prob_Wait": 2.699973841740993e-06,
        "E[Wq] (hrs)": 1.4032147514442396e-06,
        "E[W_total] (hrs)": 2.9250158731500515,
        "Utilization": 0.06197981606036521
    },
    "c_7": {
        "lambda_rate": 0.1271374552791245,
        "mu_rate": 0.3418786506112975,
        "c": 7,
        "ErlangC_Prob_Wait": 1.4209632614512583e-07,
        "E[Wq] (hrs)": 6.270763668923012e-08,
        "E[W_total] (hrs)": 2.925014532642937,
        "Utilization": 0.053125556623170186
    },
    "c_8": {
        "lambda_rate": 0.1271374552791245,
        "mu_rate": 0.3418786506112975,
        "c": 8,
        "ErlangC_Prob_Wait": 6.559325743537017e-09,
        "E[Wq] (hrs)": 2.5151832872337512e-09,
        "E[W_total] (hrs)": 2.925014472450483,
        "Utilization": 0.04648486204527391
    }
}