{
    "c_1": {
        "lambda_rate": 0.1270653802842932,
        "mu_rate": 0.45176439829814247,
        "c": 1,
        "ErlangC_Prob_Wait": 0.2812647051493337,
        "E[Wq] (hrs)": 0.8662320781559525,
        "E[W_total] (hrs)": 3.0797752519145205,
        "Utilization": 0.2812647051493337
    },
    "c_2": {
        "lambda_rate": 0.1270653802842932,
        "mu_rate": 0.45176439829814247,
        "c": 2,
        "ErlangC_Prob_Wait": 0.034678060018275274,
        "E[Wq] (hrs)": 0.04466155042176674,
        "E[W_total] (hrs)": 2.258204724180335,
        "Utilization": 0.14063235257466686
    },
    "c_3": {
        "lambda_rate": 0.1270653802842932,
        "mu_rate": 0.45176439829814247,
        "c": 3,
        "ErlangC_Prob_Wait": 0.003088601239385124,
        "E[Wq] (hrs)": 0.002514681073531552,
        "E[W_total] (hrs)": 2.2160578548320995,
        "Utilization": 0.09375490171644457
    },
    "c_4": {
        "lambda_rate": 0.1270653802842932,
        "mu_rate": 0.45176439829814247,
        "c": 4,
        "ErlangC_Prob_Wait": 0.0002117197160694004,
        "E[Wq] (hrs)": 0.000126024224661665,
        "E[W_total] (hrs)": 2.2136691979832297,
        "Utilization": 0.07031617628733343
    }
}