{
    "c_1": {
        "lambda_rate": 7.879901776955622,
        "mu_rate": 15.246617347686401,
        "c": 1,
        "ErlangC_Prob_Wait": 0.5168295102619177,
        "E[Wq] (hrs)": 0.07015738632768309,
        "E[W_total] (hrs)": 0.1357457051787327,
        "Utilization": 0.5168295102619177
    },
    "c_2": {
        "lambda_rate": 7.879901776955622,
        "mu_rate": 15.246617347686401,
        "c": 2,
        "ErlangC_Prob_Wait": 0.10613064635028702,
        "E[Wq] (hrs)": 0.0046932774895756335,
        "E[W_total] (hrs)": 0.07028159634062525,
        "Utilization": 0.25841475513095885
    },
    "c_3": {
        "lambda_rate": 7.879901776955622,
        "mu_rate": 15.246617347686401,
        "c": 3,
        "ErlangC_Prob_Wait": 0.01656402837400049,
        "E[Wq] (hrs)": 0.00043750792744253657,
        "E[W_total] (hrs)": 0.06602582677849216,
        "Utilization": 0.17227650342063924
    },
    "c_4": {
        "lambda_rate": 7.879901776955622,
        "mu_rate": 15.246617347686401,
        "c": 4,
        "ErlangC_Prob_Wait": 0.002036009325088204,
        "E[Wq] (hrs)": 3.833818332780974e-05,
        "E[W_total] (hrs)": 0.06562665703437742,
        "Utilization": 0.12920737756547943
    }
}