{
    "c_1": {
        "lambda_rate": 7.873528226366983,
        "mu_rate": 2.377563931664558,
        "c": 1,
        "ErlangC_Prob_Wait": 3.3115947468359526,
        "E[Wq] (hrs)": -0.6025502658428854,
        "E[W_total] (hrs)": -0.18195169152825513,
        "Utilization": 3.3115947468359526
    },
    "c_2": {
        "lambda_rate": 7.873528226366983,
        "mu_rate": 2.377563931664558,
        "c": 2,
        "ErlangC_Prob_Wait": 2.0646642467978515,
        "E[Wq] (hrs)": -0.6620908178661534,
        "E[W_total] (hrs)": -0.24149224355152316,
        "Utilization": 1.6557973734179763
    },
    "c_3": {
        "lambda_rate": 7.873528226366983,
        "mu_rate": 2.377563931664558,
        "c": 3,
        "ErlangC_Prob_Wait": 1.2020350938743518,
        "E[Wq] (hrs)": -1.6225377734813953,
        "E[W_total] (hrs)": -1.201939199166765,
        "Utilization": 1.1038649156119842
    },
    "c_4": {
        "lambda_rate": 7.873528226366983,
        "mu_rate": 2.377563931664558,
        "c": 4,
        "ErlangC_Prob_Wait": 0.6475547739951267,
        "E[Wq] (hrs)": 0.39563994243384887,
        "E[W_total] (hrs)": 0.8162385167484791,
        "Utilization": 0.8278986867089881
    }
}