{
    "c_1": {
        "lambda_rate": 0.12692064959661634,
        "mu_rate": 1.7216983676512516,
        "c": 1,
        "ErlangC_Prob_Wait": 0.07371828421360592,
        "E[Wq] (hrs)": 0.04622480197649741,
        "E[W_total] (hrs)": 0.6270466339471022,
        "Utilization": 0.07371828421360592
    },
    "c_2": {
        "lambda_rate": 0.12692064959661634,
        "mu_rate": 1.7216983676512516,
        "c": 2,
        "ErlangC_Prob_Wait": 0.0026205996584819638,
        "E[Wq] (hrs)": 0.0007901759550677384,
        "E[W_total] (hrs)": 0.5816120079256726,
        "Utilization": 0.03685914210680296
    },
    "c_3": {
        "lambda_rate": 0.12692064959661634,
        "mu_rate": 1.7216983676512516,
        "c": 3,
        "ErlangC_Prob_Wait": 6.358635162591393e-05,
        "E[Wq] (hrs)": 1.2620911049148722e-05,
        "E[W_total] (hrs)": 0.580834452881654,
        "Utilization": 0.024572761404535307
    },
    "c_4": {
        "lambda_rate": 0.12692064959661634,
        "mu_rate": 1.7216983676512516,
        "c": 4,
        "ErlangC_Prob_Wait": 1.1645354674644987e-06,
        "E[Wq] (hrs)": 1.7227180130450762e-07,
        "E[W_total] (hrs)": 0.5808220042424062,
        "Utilization": 0.01842957105340148
    }
}