{
    "c_1": {
        "lambda_rate": 0.12730971526650253,
        "mu_rate": 0.06554722449403297,
        "c": 1,
        "ErlangC_Prob_Wait": 1.9422594358376235,
        "E[Wq] (hrs)": -31.447232965277035,
        "E[W_total] (hrs)": -16.19105686142028,
        "Utilization": 1.9422594358376235
    },
    "c_2": {
        "lambda_rate": 0.12730971526650253,
        "mu_rate": 0.06554722449403297,
        "c": 2,
        "ErlangC_Prob_Wait": 0.9569060021283852,
        "E[Wq] (hrs)": 252.8331112639292,
        "E[W_total] (hrs)": 268.08928736778597,
        "Utilization": 0.9711297179188118
    },
    "c_3": {
        "lambda_rate": 0.12730971526650253,
        "mu_rate": 0.06554722449403297,
        "c": 3,
        "ErlangC_Prob_Wait": 0.4176930353299073,
        "E[Wq] (hrs)": 6.0245382660480855,
        "E[W_total] (hrs)": 21.280714369904842,
        "Utilization": 0.6474198119458745
    },
    "c_4": {
        "lambda_rate": 0.12730971526650253,
        "mu_rate": 0.06554722449403297,
        "c": 4,
        "ErlangC_Prob_Wait": 0.16003707089910207,
        "E[Wq] (hrs)": 1.1865216535574148,
        "E[W_total] (hrs)": 16.44269775741417,
        "Utilization": 0.4855648589594059
    }
}