{
    "c_1": {
        "lambda_rate": 7.866889690940167,
        "mu_rate": 2.782524902327381,
        "c": 1,
        "ErlangC_Prob_Wait": 2.827248620258558,
        "E[Wq] (hrs)": -0.5560672252688506,
        "E[W_total] (hrs)": -0.1966814030023284,
        "Utilization": 2.8272486202585583
    },
    "c_2": {
        "lambda_rate": 7.866889690940167,
        "mu_rate": 2.782524902327381,
        "c": 2,
        "ErlangC_Prob_Wait": 1.655877993772316,
        "E[Wq] (hrs)": -0.7193714921868392,
        "E[W_total] (hrs)": -0.359985669920317,
        "Utilization": 1.4136243101292791
    },
    "c_3": {
        "lambda_rate": 7.866889690940167,
        "mu_rate": 2.782524902327381,
        "c": 3,
        "ErlangC_Prob_Wait": 0.893164595940938,
        "E[Wq] (hrs)": 1.8581078380503204,
        "E[W_total] (hrs)": 2.2174936603168427,
        "Utilization": 0.9424162067528528
    },
    "c_4": {
        "lambda_rate": 7.866889690940167,
        "mu_rate": 2.782524902327381,
        "c": 4,
        "ErlangC_Prob_Wait": 0.4392819789167233,
        "E[Wq] (hrs)": 0.13461652480396816,
        "E[W_total] (hrs)": 0.4940023470704903,
        "Utilization": 0.7068121550646396
    }
}