{
    "c_1": {
        "lambda_rate": 7.88423560527984,
        "mu_rate": 2.196637731348088,
        "c": 1,
        "ErlangC_Prob_Wait": 3.589228889572631,
        "E[Wq] (hrs)": -0.6310623516517089,
        "E[W_total] (hrs)": -0.17582115018773564,
        "Utilization": 3.5892288895726305
    },
    "c_2": {
        "lambda_rate": 7.88423560527984,
        "mu_rate": 2.196637731348088,
        "c": 2,
        "ErlangC_Prob_Wait": 2.304891117588104,
        "E[Wq] (hrs)": -0.6602456125099874,
        "E[W_total] (hrs)": -0.20500441104601413,
        "Utilization": 1.7946144447863153
    },
    "c_3": {
        "lambda_rate": 7.88423560527984,
        "mu_rate": 2.196637731348088,
        "c": 3,
        "ErlangC_Prob_Wait": 1.3910708453565335,
        "E[Wq] (hrs)": -1.0747483264456494,
        "E[W_total] (hrs)": -0.6195071249816761,
        "Utilization": 1.1964096298575435
    },
    "c_4": {
        "lambda_rate": 7.88423560527984,
        "mu_rate": 2.196637731348088,
        "c": 4,
        "ErlangC_Prob_Wait": 0.7823158067921729,
        "E[Wq] (hrs)": 0.8670093362646492,
        "E[W_total] (hrs)": 1.3222505377286224,
        "Utilization": 0.8973072223931576
    }
}