{
    "c_1": {
        "lambda_rate": 0.12698507646210108,
        "mu_rate": 0.3434991622973473,
        "c": 1,
        "ErlangC_Prob_Wait": 0.36968089125113346,
        "E[Wq] (hrs)": 1.7074218974022675,
        "E[W_total] (hrs)": 4.618637148443718,
        "Utilization": 0.36968089125113346
    },
    "c_2": {
        "lambda_rate": 0.12698507646210108,
        "mu_rate": 0.3434991622973473,
        "c": 2,
        "ErlangC_Prob_Wait": 0.05767188394892998,
        "E[Wq] (hrs)": 0.10298307074206056,
        "E[W_total] (hrs)": 3.0141983217835118,
        "Utilization": 0.18484044562556673
    },
    "c_3": {
        "lambda_rate": 0.12698507646210108,
        "mu_rate": 0.3434991622973473,
        "c": 3,
        "ErlangC_Prob_Wait": 0.006634206711240848,
        "E[Wq] (hrs)": 0.007342684654529459,
        "E[W_total] (hrs)": 2.9185579356959805,
        "Utilization": 0.12322696375037782
    },
    "c_4": {
        "lambda_rate": 0.12698507646210108,
        "mu_rate": 0.3434991622973473,
        "c": 4,
        "ErlangC_Prob_Wait": 0.000592456127445094,
        "E[Wq] (hrs)": 0.0004751007451754095,
        "E[W_total] (hrs)": 2.9116903517866266,
        "Utilization": 0.09242022281278336
    }
}