{
    "c_1": {
        "lambda_rate": 0.12697155053956594,
        "mu_rate": 0.40559106368004516,
        "c": 1,
        "ErlangC_Prob_Wait": 0.31305312643606165,
        "E[Wq] (hrs)": 1.123586510174616,
        "E[W_total] (hrs)": 3.5891240664676722,
        "Utilization": 0.3130531264360617
    },
    "c_2": {
        "lambda_rate": 0.12697155053956594,
        "mu_rate": 0.40559106368004516,
        "c": 2,
        "ErlangC_Prob_Wait": 0.04236922137728593,
        "E[Wq] (hrs)": 0.06192424205742703,
        "E[W_total] (hrs)": 2.5274617983504832,
        "Utilization": 0.15652656321803085
    },
    "c_3": {
        "lambda_rate": 0.12697155053956594,
        "mu_rate": 0.40559106368004516,
        "c": 3,
        "ErlangC_Prob_Wait": 0.004174015979090529,
        "E[Wq] (hrs)": 0.0038300694584872453,
        "E[W_total] (hrs)": 2.4693676257515436,
        "Utilization": 0.1043510421453539
    },
    "c_4": {
        "lambda_rate": 0.12697155053956594,
        "mu_rate": 0.40559106368004516,
        "c": 4,
        "ErlangC_Prob_Wait": 0.00031746394365659534,
        "E[Wq] (hrs)": 0.00021229469875643569,
        "E[W_total] (hrs)": 2.4657498509918128,
        "Utilization": 0.07826328160901543
    }
}