{
    "c_1": {
        "lambda_rate": 7.863971204809045,
        "mu_rate": 2.6122686044842007,
        "c": 1,
        "ErlangC_Prob_Wait": 3.0103991570046857,
        "E[Wq] (hrs)": -0.5732234641044749,
        "E[W_total] (hrs)": -0.19041443815537934,
        "Utilization": 3.0103991570046857
    },
    "c_2": {
        "lambda_rate": 7.863971204809045,
        "mu_rate": 2.6122686044842007,
        "c": 2,
        "ErlangC_Prob_Wait": 1.8087387452604204,
        "E[Wq] (hrs)": -0.685275232534977,
        "E[W_total] (hrs)": -0.30246620658588147,
        "Utilization": 1.5051995785023429
    },
    "c_3": {
        "lambda_rate": 7.863971204809045,
        "mu_rate": 2.6122686044842007,
        "c": 3,
        "ErlangC_Prob_Wait": 1.006554430336581,
        "E[Wq] (hrs)": -37.052822730561154,
        "E[W_total] (hrs)": -36.67001370461206,
        "Utilization": 1.0034663856682287
    },
    "c_4": {
        "lambda_rate": 7.863971204809045,
        "mu_rate": 2.6122686044842007,
        "c": 4,
        "ErlangC_Prob_Wait": 0.5138071199957488,
        "E[Wq] (hrs)": 0.19875690741728075,
        "E[W_total] (hrs)": 0.5815659333663763,
        "Utilization": 0.7525997892511714
    }
}