{
    "c_1": {
        "lambda_rate": 7.876433135266023,
        "mu_rate": 2.9225707875943225,
        "c": 1,
        "ErlangC_Prob_Wait": 2.6950358802940784,
        "E[Wq] (hrs)": -0.544027203654687,
        "E[W_total] (hrs)": -0.20186269416024383,
        "Utilization": 2.6950358802940784
    },
    "c_2": {
        "lambda_rate": 7.876433135266023,
        "mu_rate": 2.9225707875943225,
        "c": 2,
        "ErlangC_Prob_Wait": 1.5469995504310265,
        "E[Wq] (hrs)": -0.7615841963977327,
        "E[W_total] (hrs)": -0.41941968690328946,
        "Utilization": 1.3475179401470392
    },
    "c_3": {
        "lambda_rate": 7.876433135266023,
        "mu_rate": 2.9225707875943225,
        "c": 3,
        "ErlangC_Prob_Wait": 0.8141388151623017,
        "E[Wq] (hrs)": 0.9134497809743058,
        "E[W_total] (hrs)": 1.255614290468749,
        "Utilization": 0.8983452934313595
    },
    "c_4": {
        "lambda_rate": 7.876433135266023,
        "mu_rate": 2.9225707875943225,
        "c": 4,
        "ErlangC_Prob_Wait": 0.3888585909657183,
        "E[Wq] (hrs)": 0.10195959186254824,
        "E[W_total] (hrs)": 0.44412410135699143,
        "Utilization": 0.6737589700735196
    }
}