{
    "c_1": {
        "lambda_rate": 7.873979380204372,
        "mu_rate": 0.5843315031239902,
        "c": 1,
        "ErlangC_Prob_Wait": 13.475192314821301,
        "E[Wq] (hrs)": -1.848538165634734,
        "E[W_total] (hrs)": -0.1371808373823009,
        "Utilization": 13.475192314821303
    },
    "c_2": {
        "lambda_rate": 7.873979380204372,
        "mu_rate": 0.5843315031239902,
        "c": 2,
        "ErlangC_Prob_Wait": 11.733670524243559,
        "E[Wq] (hrs)": -1.7499055778810697,
        "E[W_total] (hrs)": -0.03854824962863668,
        "Utilization": 6.7375961574106515
    },
    "c_3": {
        "lambda_rate": 7.873979380204372,
        "mu_rate": 0.5843315031239902,
        "c": 3,
        "ErlangC_Prob_Wait": 10.13260032499599,
        "E[Wq] (hrs)": -1.6553872520220823,
        "E[W_total] (hrs)": 0.055970076230350774,
        "Utilization": 4.491730771607101
    },
    "c_4": {
        "lambda_rate": 7.873979380204372,
        "mu_rate": 0.5843315031239902,
        "c": 4,
        "ErlangC_Prob_Wait": 8.670175361901917,
        "E[Wq] (hrs)": -1.5659595763154037,
        "E[W_total] (hrs)": 0.1453977519370293,
        "Utilization": 3.3687980787053258
    }
}