{
    "c_1": {
        "lambda_rate": 7.8649459626266305,
        "mu_rate": 2.476899236725656,
        "c": 1,
        "ErlangC_Prob_Wait": 3.175319304883682,
        "E[Wq] (hrs)": -0.5893266087726279,
        "E[W_total] (hrs)": -0.185596014821639,
        "Utilization": 3.1753193048836814
    },
    "c_2": {
        "lambda_rate": 7.8649459626266305,
        "mu_rate": 2.476899236725656,
        "c": 2,
        "ErlangC_Prob_Wait": 1.9482184758054457,
        "E[Wq] (hrs)": -0.6692269914353755,
        "E[W_total] (hrs)": -0.2654963974843866,
        "Utilization": 1.5876596524418407
    },
    "c_3": {
        "lambda_rate": 7.8649459626266305,
        "mu_rate": 2.476899236725656,
        "c": 3,
        "ErlangC_Prob_Wait": 1.1122748640447095,
        "E[Wq] (hrs)": -2.5613801731387364,
        "E[W_total] (hrs)": -2.1576495791877477,
        "Utilization": 1.0584397682945605
    },
    "c_4": {
        "lambda_rate": 7.8649459626266305,
        "mu_rate": 2.476899236725656,
        "c": 4,
        "ErlangC_Prob_Wait": 0.5853714665923845,
        "E[Wq] (hrs)": 0.28657439332440154,
        "E[W_total] (hrs)": 0.6903049872753904,
        "Utilization": 0.7938298262209204
    }
}