{
    "c_1": {
        "lambda_rate": 0.1271374552791245,
        "mu_rate": 0.3418786506112975,
        "c": 1,
        "ErlangC_Prob_Wait": 0.3718788963621913,
        "E[Wq] (hrs)": 1.7317538713843397,
        "E[W_total] (hrs)": 4.65676834131964,
        "Utilization": 0.3718788963621913
    },
    "c_2": {
        "lambda_rate": 0.1271374552791245,
        "mu_rate": 0.3418786506112975,
        "c": 2,
        "ErlangC_Prob_Wait": 0.05830563852634558,
        "E[Wq] (hrs)": 0.10474947839403305,
        "E[W_total] (hrs)": 3.0297639483293333,
        "Utilization": 0.18593944818109565
    },
    "c_3": {
        "lambda_rate": 0.1271374552791245,
        "mu_rate": 0.3418786506112975,
        "c": 3,
        "ErlangC_Prob_Wait": 0.006744016875169232,
        "E[Wq] (hrs)": 0.007505874412732699,
        "E[W_total] (hrs)": 2.9325203443480325,
        "Utilization": 0.12395963212073043
    },
    "c_4": {
        "lambda_rate": 0.1271374552791245,
        "mu_rate": 0.3418786506112975,
        "c": 4,
        "ErlangC_Prob_Wait": 0.0006057070193405229,
        "E[Wq] (hrs)": 0.0004883248782230498,
        "E[W_total] (hrs)": 2.9255027948135233,
        "Utilization": 0.09296972409054782
    }
}