{
    "c_1": {
        "lambda_rate": 0.127146697207086,
        "mu_rate": 0.42450196062518186,
        "c": 1,
        "ErlangC_Prob_Wait": 0.29951969366603565,
        "E[Wq] (hrs)": 1.007278937063564,
        "E[W_total] (hrs)": 3.3629806599184078,
        "Utilization": 0.29951969366603565
    },
    "c_2": {
        "lambda_rate": 0.127146697207086,
        "mu_rate": 0.42450196062518186,
        "c": 2,
        "ErlangC_Prob_Wait": 0.039013384899857666,
        "E[Wq] (hrs)": 0.054045846741458514,
        "E[W_total] (hrs)": 2.4097475695963024,
        "Utilization": 0.14975984683301782
    },
    "c_3": {
        "lambda_rate": 0.127146697207086,
        "mu_rate": 0.42450196062518186,
        "c": 3,
        "ErlangC_Prob_Wait": 0.0036870603810824714,
        "E[Wq] (hrs)": 0.0032163221007810152,
        "E[W_total] (hrs)": 2.3589180449556246,
        "Utilization": 0.09983989788867854
    },
    "c_4": {
        "lambda_rate": 0.127146697207086,
        "mu_rate": 0.42450196062518186,
        "c": 4,
        "ErlangC_Prob_Wait": 0.000268664633230743,
        "E[Wq] (hrs)": 0.0001710301601358416,
        "E[W_total] (hrs)": 2.3558727530149794,
        "Utilization": 0.07487992341650891
    }
}