{
    "c_1": {
        "lambda_rate": 7.883500408778226,
        "mu_rate": 2.917294166209941,
        "c": 1,
        "ErlangC_Prob_Wait": 2.702333038639099,
        "E[Wq] (hrs)": -0.5441443441224425,
        "E[W_total] (hrs)": -0.20136094861071413,
        "Utilization": 2.702333038639099
    },
    "c_2": {
        "lambda_rate": 7.883500408778226,
        "mu_rate": 2.917294166209941,
        "c": 2,
        "ErlangC_Prob_Wait": 1.5529746174324288,
        "E[Wq] (hrs)": -0.757950834177631,
        "E[W_total] (hrs)": -0.4151674386659026,
        "Utilization": 1.3511665193195495
    },
    "c_3": {
        "lambda_rate": 7.883500408778226,
        "mu_rate": 2.917294166209941,
        "c": 3,
        "ErlangC_Prob_Wait": 0.8184356350091536,
        "E[Wq] (hrs)": 0.9424833199277773,
        "E[W_total] (hrs)": 1.2852667154395057,
        "Utilization": 0.9007776795463663
    },
    "c_4": {
        "lambda_rate": 7.883500408778226,
        "mu_rate": 2.917294166209941,
        "c": 4,
        "ErlangC_Prob_Wait": 0.3915659229423051,
        "E[Wq] (hrs)": 0.10343354699582108,
        "E[W_total] (hrs)": 0.44621694250754945,
        "Utilization": 0.6755832596597747
    }
}